{"chunk_definitions":[{"row":9,"row_count":1,"visible":true,"expansion_state":0,"options":{"engine":"r","label":"setup","include":false},"document_id":"CCAE1A7E","chunk_id":"csetup_chunk","chunk_label":"setup"},{"row":21,"row_count":1,"visible":true,"expansion_state":0,"options":{"engine":"r","label":"unnamed-chunk-7"},"document_id":"CCAE1A7E","chunk_id":"cv1c9hyjd7xoh","chunk_label":"unnamed-chunk-1"},{"row":29,"row_count":1,"visible":true,"expansion_state":0,"options":{"engine":"r","label":"unnamed-chunk-3"},"document_id":"CCAE1A7E","chunk_id":"cet286pj5uz9a","chunk_label":"unnamed-chunk-2"},{"row":42,"row_count":1,"visible":true,"expansion_state":0,"options":{"engine":"r","label":"unnamed-chunk-8"},"document_id":"CCAE1A7E","chunk_id":"c8sz7ktdijrlx","chunk_label":"unnamed-chunk-3"},{"row":49,"row_count":1,"visible":true,"expansion_state":0,"options":{"engine":"r","label":"unnamed-chunk-23"},"document_id":"CCAE1A7E","chunk_id":"cy4x4yxn86bn2","chunk_label":"unnamed-chunk-4"},{"row":55,"row_count":1,"visible":true,"expansion_state":0,"options":{"engine":"r","label":"unnamed-chunk-10"},"document_id":"CCAE1A7E","chunk_id":"c3k17kky9d5gd","chunk_label":"unnamed-chunk-5"},{"row":58,"row_count":1,"visible":true,"expansion_state":0,"options":{"engine":"r","label":"unnamed-chunk-11"},"document_id":"CCAE1A7E","chunk_id":"ch6fc32jxhue8","chunk_label":"unnamed-chunk-6"},{"row":66,"row_count":1,"visible":true,"expansion_state":0,"options":{"engine":"r","label":"unnamed-chunk-12"},"document_id":"CCAE1A7E","chunk_id":"c0e1hv8z9pyte","chunk_label":"unnamed-chunk-8"},{"row":70,"row_count":1,"visible":true,"expansion_state":0,"options":{"engine":"r","label":"unnamed-chunk-14"},"document_id":"CCAE1A7E","chunk_id":"cnrv8ua91uxwg","chunk_label":"unnamed-chunk-9"},{"row":76,"row_count":1,"visible":true,"expansion_state":0,"options":{"engine":"r","label":"unnamed-chunk-15"},"document_id":"CCAE1A7E","chunk_id":"cro9zhz2wo7dl","chunk_label":"unnamed-chunk-10"},{"row":109,"row_count":1,"visible":true,"expansion_state":0,"options":{"engine":"r","label":"unnamed-chunk-18"},"document_id":"CCAE1A7E","chunk_id":"c0hr81126h3hv","chunk_label":"unnamed-chunk-12"},{"row":115,"row_count":1,"visible":true,"expansion_state":0,"options":{"engine":"r","label":"unnamed-chunk-19"},"document_id":"CCAE1A7E","chunk_id":"cn7vech45sy5p","chunk_label":"unnamed-chunk-13"},{"row":121,"row_count":1,"visible":true,"expansion_state":0,"options":{"engine":"r","label":"unnamed-chunk-20"},"document_id":"CCAE1A7E","chunk_id":"c2j49x48n7frz","chunk_label":"unnamed-chunk-14"}],"doc_write_time":1607381146,"chunk_rendered_width":700}